{
  "status": "SUCCESS",
  "data": [
    {
      "day": "2009-12-31T22:00:00.000Z",
      "number_of_reports": "1"
    },
    {
      "day": "2010-01-31T22:00:00.000Z",
      "number_of_reports": "10"
    },
    {
      "day": "2010-02-28T22:00:00.000Z",
      "number_of_reports": "29"
    },
    {
      "day": "2010-03-31T21:00:00.000Z",
      "number_of_reports": "180"
    },
    {
      "day": "2010-04-30T21:00:00.000Z",
      "number_of_reports": "921"
    },
    {
      "day": "2010-05-31T21:00:00.000Z",
      "number_of_reports": "927"
    },
    {
      "day": "2010-06-30T21:00:00.000Z",
      "number_of_reports": "931"
    },
    {
      "day": "2010-07-31T21:00:00.000Z",
      "number_of_reports": "935"
    },
    {
      "day": "2010-08-31T21:00:00.000Z",
      "number_of_reports": "948"
    },
    {
      "day": "2010-09-30T21:00:00.000Z",
      "number_of_reports": "3204"
    },
    {
      "day": "2010-10-31T22:00:00.000Z",
      "number_of_reports": "3889"
    },
    {
      "day": "2010-11-30T22:00:00.000Z",
      "number_of_reports": "4896"
    },
    {
      "day": "2010-12-31T22:00:00.000Z",
      "number_of_reports": "4917"
    },
    {
      "day": "2011-01-31T22:00:00.000Z",
      "number_of_reports": "4935"
    },
    {
      "day": "2011-02-28T22:00:00.000Z",
      "number_of_reports": "9249"
    },
    {
      "day": "2011-03-31T21:00:00.000Z",
      "number_of_reports": "9898"
    },
    {
      "day": "2011-04-30T21:00:00.000Z",
      "number_of_reports": "11717"
    },
    {
      "day": "2011-05-31T21:00:00.000Z",
      "number_of_reports": "12055"
    },
    {
      "day": "2011-06-30T21:00:00.000Z",
      "number_of_reports": "12297"
    },
    {
      "day": "2011-07-31T21:00:00.000Z",
      "number_of_reports": "12432"
    },
    {
      "day": "2011-08-31T21:00:00.000Z",
      "number_of_reports": "12655"
    },
    {
      "day": "2011-09-30T21:00:00.000Z",
      "number_of_reports": "17912"
    },
    {
      "day": "2011-10-31T22:00:00.000Z",
      "number_of_reports": "20453"
    },
    {
      "day": "2011-11-30T22:00:00.000Z",
      "number_of_reports": "21013"
    },
    {
      "day": "2011-12-31T22:00:00.000Z",
      "number_of_reports": "21572"
    },
    {
      "day": "2012-01-31T22:00:00.000Z",
      "number_of_reports": "22444"
    },
    {
      "day": "2012-02-29T22:00:00.000Z",
      "number_of_reports": "23277"
    },
    {
      "day": "2012-03-31T21:00:00.000Z",
      "number_of_reports": "24938"
    },
    {
      "day": "2012-04-30T21:00:00.000Z",
      "number_of_reports": "26095"
    },
    {
      "day": "2012-05-31T21:00:00.000Z",
      "number_of_reports": "27282"
    },
    {
      "day": "2012-06-30T21:00:00.000Z",
      "number_of_reports": "28339"
    },
    {
      "day": "2012-07-31T21:00:00.000Z",
      "number_of_reports": "29996"
    },
    {
      "day": "2012-08-31T21:00:00.000Z",
      "number_of_reports": "30871"
    },
    {
      "day": "2012-09-30T21:00:00.000Z",
      "number_of_reports": "35539"
    },
    {
      "day": "2012-10-31T22:00:00.000Z",
      "number_of_reports": "36925"
    },
    {
      "day": "2012-11-30T22:00:00.000Z",
      "number_of_reports": "37780"
    },
    {
      "day": "2012-12-31T22:00:00.000Z",
      "number_of_reports": "38641"
    },
    {
      "day": "2013-01-31T22:00:00.000Z",
      "number_of_reports": "39528"
    },
    {
      "day": "2013-02-28T22:00:00.000Z",
      "number_of_reports": "39813"
    },
    {
      "day": "2013-03-31T21:00:00.000Z",
      "number_of_reports": "40349"
    },
    {
      "day": "2013-04-30T21:00:00.000Z",
      "number_of_reports": "41137"
    },
    {
      "day": "2013-05-31T21:00:00.000Z",
      "number_of_reports": "42155"
    },
    {
      "day": "2013-06-30T21:00:00.000Z",
      "number_of_reports": "42673"
    },
    {
      "day": "2013-07-31T21:00:00.000Z",
      "number_of_reports": "43548"
    },
    {
      "day": "2013-08-31T21:00:00.000Z",
      "number_of_reports": "44727"
    },
    {
      "day": "2013-09-30T21:00:00.000Z",
      "number_of_reports": "46168"
    },
    {
      "day": "2013-10-31T22:00:00.000Z",
      "number_of_reports": "47183"
    },
    {
      "day": "2013-11-30T22:00:00.000Z",
      "number_of_reports": "48001"
    },
    {
      "day": "2013-12-31T22:00:00.000Z",
      "number_of_reports": "48495"
    },
    {
      "day": "2014-01-31T22:00:00.000Z",
      "number_of_reports": "49392"
    },
    {
      "day": "2014-02-28T22:00:00.000Z",
      "number_of_reports": "50152"
    },
    {
      "day": "2014-03-31T21:00:00.000Z",
      "number_of_reports": "51743"
    },
    {
      "day": "2014-04-30T21:00:00.000Z",
      "number_of_reports": "53074"
    },
    {
      "day": "2014-05-31T21:00:00.000Z",
      "number_of_reports": "54201"
    },
    {
      "day": "2014-06-30T21:00:00.000Z",
      "number_of_reports": "55282"
    },
    {
      "day": "2014-07-31T21:00:00.000Z",
      "number_of_reports": "56164"
    },
    {
      "day": "2014-08-31T21:00:00.000Z",
      "number_of_reports": "56708"
    },
    {
      "day": "2014-09-30T21:00:00.000Z",
      "number_of_reports": "57700"
    },
    {
      "day": "2014-10-31T22:00:00.000Z",
      "number_of_reports": "58882"
    },
    {
      "day": "2014-11-30T22:00:00.000Z",
      "number_of_reports": "60133"
    },
    {
      "day": "2014-12-31T22:00:00.000Z",
      "number_of_reports": "61073"
    },
    {
      "day": "2015-01-31T22:00:00.000Z",
      "number_of_reports": "62205"
    },
    {
      "day": "2015-02-28T22:00:00.000Z",
      "number_of_reports": "63886"
    },
    {
      "day": "2015-03-31T21:00:00.000Z",
      "number_of_reports": "66429"
    },
    {
      "day": "2015-04-30T21:00:00.000Z",
      "number_of_reports": "68343"
    },
    {
      "day": "2015-05-31T21:00:00.000Z",
      "number_of_reports": "70646"
    },
    {
      "day": "2015-06-30T21:00:00.000Z",
      "number_of_reports": "73065"
    },
    {
      "day": "2015-07-31T21:00:00.000Z",
      "number_of_reports": "75312"
    },
    {
      "day": "2015-08-31T21:00:00.000Z",
      "number_of_reports": "77701"
    },
    {
      "day": "2015-09-30T21:00:00.000Z",
      "number_of_reports": "80441"
    },
    {
      "day": "2015-10-31T22:00:00.000Z",
      "number_of_reports": "82371"
    },
    {
      "day": "2015-11-30T22:00:00.000Z",
      "number_of_reports": "84716"
    },
    {
      "day": "2015-12-31T22:00:00.000Z",
      "number_of_reports": "86527"
    },
    {
      "day": "2016-01-31T22:00:00.000Z",
      "number_of_reports": "89793"
    },
    {
      "day": "2016-02-29T22:00:00.000Z",
      "number_of_reports": "94123"
    },
    {
      "day": "2016-03-31T21:00:00.000Z",
      "number_of_reports": "98501"
    },
    {
      "day": "2016-04-30T21:00:00.000Z",
      "number_of_reports": "105311"
    },
    {
      "day": "2016-05-31T21:00:00.000Z",
      "number_of_reports": "111503"
    },
    {
      "day": "2016-06-30T21:00:00.000Z",
      "number_of_reports": "117891"
    },
    {
      "day": "2016-07-31T21:00:00.000Z",
      "number_of_reports": "124731"
    },
    {
      "day": "2016-08-31T21:00:00.000Z",
      "number_of_reports": "129860"
    },
    {
      "day": "2016-09-30T21:00:00.000Z",
      "number_of_reports": "141923"
    },
    {
      "day": "2016-10-31T22:00:00.000Z",
      "number_of_reports": "147781"
    },
    {
      "day": "2016-11-30T22:00:00.000Z",
      "number_of_reports": "155471"
    },
    {
      "day": "2016-12-31T22:00:00.000Z",
      "number_of_reports": "158292"
    },
    {
      "day": "2017-01-31T22:00:00.000Z",
      "number_of_reports": "163228"
    },
    {
      "day": "2017-02-28T22:00:00.000Z",
      "number_of_reports": "166414"
    },
    {
      "day": "2017-03-31T21:00:00.000Z",
      "number_of_reports": "171547"
    },
    {
      "day": "2017-04-30T21:00:00.000Z",
      "number_of_reports": "176837"
    },
    {
      "day": "2017-05-31T21:00:00.000Z",
      "number_of_reports": "182271"
    },
    {
      "day": "2017-06-30T21:00:00.000Z",
      "number_of_reports": "189522"
    },
    {
      "day": "2017-07-31T21:00:00.000Z",
      "number_of_reports": "193875"
    },
    {
      "day": "2017-08-31T21:00:00.000Z",
      "number_of_reports": "198373"
    },
    {
      "day": "2017-09-30T21:00:00.000Z",
      "number_of_reports": "206495"
    },
    {
      "day": "2017-10-31T22:00:00.000Z",
      "number_of_reports": "213530"
    },
    {
      "day": "2017-11-30T22:00:00.000Z",
      "number_of_reports": "216537"
    },
    {
      "day": "2017-12-31T22:00:00.000Z",
      "number_of_reports": "217286"
    },
    {
      "day": "2018-01-31T22:00:00.000Z",
      "number_of_reports": "217317"
    }
  ]
}